<?xml version="1.0" encoding="utf-8"?>
<addon addon_id="3psUsergroupRanks" title="[3.studIo] Usergroup Ranks" version_string="1.5.5" version_id="2" url="" install_callback_class="ThreePointStudio_UsergroupRanks_Installer" install_callback_method="install" uninstall_callback_class="ThreePointStudio_UsergroupRanks_Installer" uninstall_callback_method="uninstall">
  <admin_navigation>
    <navigation navigation_id="3ps_usergroupranks" parent_navigation_id="userGroups" display_order="99" link="3ps-usergroup-ranks" admin_permission_id="userGroup" debug_only="0" hide_no_children="0"/>
  </admin_navigation>
  <admin_permissions/>
  <admin_style_properties/>
  <admin_templates>
    <template title="3ps_usergroup_ranks_admin.css"><![CDATA[.underlineBold {
	text-decoration: underline;
	font-weight: bold;
}]]></template>
    <template title="3ps_usergroup_ranks_delete"><![CDATA[<xen:title>{xen:phrase 3ps_usergroup_ranks_confirm_deletion_of_usergroup_rank}: {xen:phrase 3ps_usergroup_ranks_rank_id} {$userGroupRankId}</xen:title>
<xen:h1>{xen:phrase 3ps_usergroup_ranks_confirm_deletion_of_usergroup_rank}</xen:h1>

<xen:navigation>
	<xen:breadcrumb href="{xen:adminlink '3ps-usergroup-ranks/delete', $userGroupRankId}">{$userGroupRankId}</xen:breadcrumb>
</xen:navigation>

<xen:require css="delete_confirmation.css" />

<xen:form action="{xen:adminlink '3ps-usergroup-ranks/delete', $userGroupRankId}" class="deleteConfirmForm formOverlay">

	<p>{xen:phrase 3ps_usergroup_ranks_delete_rank_confirm}:</p>
	<strong><a href="{xen:adminlink '3ps-usergroup-ranks/edit', $userGroupRankId}">{xen:raw $userGroupRankContent} ({xen:phrase 3ps_usergroup_ranks_rank_id}: {$userGroupRankId})</a></strong>

	<xen:submitunit save="{xen:phrase 3ps_usergroup_ranks_delete_usergroup_rank}" />
	<input type="hidden" name="rid" value="{$userGroupRankId}" />
	<input type="hidden" name="_xfConfirm" value="1" />
</xen:form>]]></template>
    <template title="3ps_usergroup_ranks_edit"><![CDATA[<xen:title>{xen:if '{$userGroupRank.rid}', '{xen:phrase 3ps_usergroup_ranks_edit_usergroup_rank}: {xen:phrase 3ps_usergroup_ranks_rank_id} {$userGroupRank.rid}', '{xen:phrase 3ps_usergroup_ranks_create_usergroup_rank}'}</xen:title>

<xen:form class="AutoValidator" action="{xen:adminlink '3ps-usergroup-ranks/save', $userGroupRank}" data-redirect="on">

	<ul class="tabs Tabs" data-panes="#3ps_usergroupRanksPane > li">
		<li class="active"><a title="{xen:phrase 3ps_usergroup_ranks_usergroup_rank} {xen:phrase settings}" class="Tooltip">{xen:phrase settings}</a></li>
		<li><a title="{xen:phrase 3ps_usergroup_ranks_display_usergroup_rank_if_user_or_usergroup}" class="Tooltip">{xen:phrase 3ps_usergroup_ranks_rank_display_condition}</a></li>
		<li><a class="Tooltip">{xen:phrase style_properties}</a></li>
	</ul>
	
	<ul id="3ps_usergroupRanksPane">
		<li>
			<xen:checkboxunit label="">
				<xen:option name="rank_active" selected="{$userGroupRank.rank_active}">{xen:phrase 3ps_usergroup_ranks_rank_is_active}</xen:option>
			</xen:checkboxunit>
			<xen:selectunit name="rank_type" label="{xen:phrase 3ps_usergroup_ranks_rank_type}" value="{$userGroupRank.rank_type}">
				<xen:option value="0" selected="{$userGroupRank.rank_type} == 0">{xen:phrase image}</xen:option>
				<xen:option value="1" selected="{$userGroupRank.rank_type} == 1">{xen:phrase text}</xen:option>
				<xen:explain>{xen:phrase 3ps_usergroup_ranks_rank_type_explain}</xen:explain>
			</xen:selectunit>
			<xen:textboxunit label="{xen:phrase 3ps_usergroup_ranks_rank_content}:" name="rank_content" value="{$userGroupRank.rank_content}">
				<xen:explain>{xen:phrase you_may_use_html}</xen:explain>
			</xen:textboxunit>
			<xen:if is="!{$userGroupRank.rid}">
				<input type="hidden" name="rid" value="0" />
			</xen:if>
		</li>
		<li>
			<xen:include template="3ps_usergroup_ranks_user_criteria" />
		</li>
		<li>
			<xen:textboxunit label="{xen:phrase 3ps_usergroup_ranks_rank_styling_class}:" name="rank_styling_class" value="{$userGroupRank.rank_styling_class}">
				<xen:explain>{xen:phrase 3ps_usergroup_ranks_rank_styling_class_explain}</xen:explain>
			</xen:textboxunit>
		</li>
	</ul>

	<xen:submitunit save="{xen:phrase 3ps_usergroup_ranks_save_usergroup_rank}"></xen:submitunit>
	<xen:controlunit label="{xen:phrase note}:">{xen:phrase 3ps_usergroup_ranks_no_criteria_warning}</xen:controlunit>
</xen:form>]]></template>
    <template title="3ps_usergroup_ranks_list"><![CDATA[<xen:title>{xen:phrase 3ps_usergroup_ranks_usergroup_ranks_list}</xen:title>

<xen:topctrl>
	<a href="{xen:adminlink '3ps-usergroup-ranks/add'}" class="button">+ {xen:phrase 3ps_usergroup_ranks_create_new_usergroup_rank}</a>
</xen:topctrl>

<xen:require css="filter_list.css" />
<xen:require js="js/xenforo/filter_list.js" />

<h2 class="subHeading">
	<xen:include template="filter_list_controls" />
	{xen:phrase 3ps_usergroup_ranks_usergroup_ranks_list}
</h2>

<ol class="FilterList Scrollable">
	<xen:foreach loop="$userGroupRanks" value="$userGroupRank">
		<xen:listitem
		id="{$userGroupRank.rid}"
		label="{xen:raw $userGroupRank.content_render}"
		snippet="{xen:phrase 3ps_usergroup_ranks_rank_id}: {$userGroupRank.rid}"
		href="{xen:adminlink '3ps-usergroup-ranks/edit', $userGroupRank}"
		delete="{xen:adminlink '3ps-usergroup-ranks/delete', $userGroupRank}" />
	</xen:foreach>
</ol>

<p class="sectionFooter">{xen:phrase showing_x_of_y_items, 'count=<span class="FilterListCount">{xen:count $userGroupRanks}</span>', 'total={xen:count $userGroupRanks}'}</p>]]></template>
    <template title="3ps_usergroup_ranks_tools_rebuild"><![CDATA[<xen:form action="{xen:adminlink 'tools/cache-rebuild'}">
    <h2 class="subHeading">{xen:phrase 3ps_usergroup_ranks_rebuild_user_rank_association}</h2>
    <xen:spinboxunit name="options[batch]" value="250" step="50" min="1" label="{xen:phrase items_to_process_per_page}:" />
	<xen:checkboxunit label="">
		<xen:option name="options[existing_entries_only]"  selected="1">
			<xen:label>{xen:phrase 3ps_usergroup_ranks_rebuild_existing_entries_only}</xen:label>
			<xen:hint>{xen:phrase 3ps_usergroup_ranks_rebuild_existing_entries_only_explain}</xen:hint>
		</xen:option>
	</xen:checkboxunit>
    <xen:submitunit save="{xen:phrase rebuild_now}" />
    <input type="hidden" name="cache" value="usergroupRanks" />
</xen:form>]]></template>
    <template title="3ps_usergroup_ranks_user_criteria"><![CDATA[<xen:require css="helper_criteria.css" />
<xen:require css="3ps_usergroup_ranks_admin.css" />

<xen:controlunit label="{xen:phrase user_groups}:">
	<ul>
		<!-- slot: user_groups -->	
		<li><label>
			<input type="checkbox" name="rank_user_criteria[user_groups][rule]" value="user_groups" class="Disabler" id="ucrit_user_groups" {xen:checked $userCriteria.user_groups} />
			{xen:phrase user_is_member_of_any_of_selected_user_groups}:</label>
			<div class="criteriaQualifier" id="ucrit_user_groups_Disabler">
				<xen:select name="rank_user_criteria[user_groups][data][user_group_ids]" size="4" multiple="true">
					<xen:foreach loop="$userCriteriaData.userGroups" value="$_criteriaUg">
						<xen:option value="{$_criteriaUg.user_group_id}" selected="{$userCriteria.user_groups.user_group_ids} AND in_array({$_criteriaUg.user_group_id}, {$userCriteria.user_groups.user_group_ids})">{$_criteriaUg.title}</xen:option>
					</xen:foreach>
				</xen:select>
			</div>
		</li>
		
		<!-- slot: not_user_groups -->	
		<li><label>
			<input type="checkbox" name="rank_user_criteria[not_user_groups][rule]" value="not_user_groups" class="Disabler" id="ucrit_not_user_groups" {xen:checked $userCriteria.not_user_groups} />
			{xen:phrase user_is_not_member_of_any_of_selected_user_groups}:</label>
			<div class="criteriaQualifier" id="ucrit_not_user_groups_Disabler">
				<xen:select name="rank_user_criteria[not_user_groups][data][user_group_ids]" size="4" multiple="true">
					<xen:foreach loop="$userCriteriaData.userGroups" value="$_criteriaUg">
						<xen:option value="{$_criteriaUg.user_group_id}" selected="{$userCriteria.not_user_groups.user_group_ids} AND in_array({$_criteriaUg.user_group_id}, {$userCriteria.not_user_groups.user_group_ids})">{$_criteriaUg.title}</xen:option>
					</xen:foreach>
				</xen:select> 
			</div>
		</li>
		<!-- slot: 3ps_usergroup_ranks_is_primary_ug -->
		<li><label>
			<input type="checkbox" name="rank_user_criteria[3ps_usergroup_ranks_is_primary_ug][rule]" value="3ps_usergroup_ranks_is_primary_ug" class="Disabler" id="ucrit_3ps_usergroup_ranks_is_primary_ug" {xen:checked $userCriteria.3ps_usergroup_ranks_is_primary_ug} />
			{xen:phrase 3ps_usergroup_ranks_is_primary_ug_explain}:</label>
			<div class="criteriaQualifier" id="ucrit_3ps_usergroup_ranks_is_primary_ug_Disabler">
				<xen:select name="rank_user_criteria[3ps_usergroup_ranks_is_primary_ug][data][user_group_ids]" size="4" multiple="true">
					<xen:foreach loop="$userCriteriaData.userGroups" value="$_criteriaUg">
						<xen:option value="{$_criteriaUg.user_group_id}" selected="{$userCriteria.3ps_usergroup_ranks_is_primary_ug.user_group_ids} AND in_array({$_criteriaUg.user_group_id}, {$userCriteria.3ps_usergroup_ranks_is_primary_ug.user_group_ids})">{$_criteriaUg.title}</xen:option>
					</xen:foreach>
				</xen:select> 
			</div>
		</li>
		<!-- slot: 3ps_usergroup_ranks_is_not_primary_ug -->
		<li><label>
			<input type="checkbox" name="rank_user_criteria[3ps_usergroup_ranks_is_not_primary_ug][rule]" value="3ps_usergroup_ranks_is_not_primary_ug" class="Disabler" id="ucrit_3ps_usergroup_ranks_is_not_primary_ug" {xen:checked $userCriteria.3ps_usergroup_ranks_is_not_primary_ug} />
			{xen:phrase 3ps_usergroup_ranks_is_not_primary_ug_explain}:</label>
			<div class="criteriaQualifier" id="ucrit_3ps_usergroup_ranks_is_not_primary_ug_Disabler">
				<xen:select name="rank_user_criteria[3ps_usergroup_ranks_is_not_primary_ug][data][user_group_ids]" size="4" multiple="true">
					<xen:foreach loop="$userCriteriaData.userGroups" value="$_criteriaUg">
						<xen:option value="{$_criteriaUg.user_group_id}" selected="{$userCriteria.3ps_usergroup_ranks_is_not_primary_ug.user_group_ids} AND in_array({$_criteriaUg.user_group_id}, {$userCriteria.3ps_usergroup_ranks_is_not_primary_ug.user_group_ids})">{$_criteriaUg.title}</xen:option>
					</xen:foreach>
				</xen:select> 
			</div>
		</li>
		<!-- slot: 3ps_usergroup_ranks_is_display_ug -->
		<li><label>
			<input type="checkbox" name="rank_user_criteria[3ps_usergroup_ranks_is_display_ug][rule]" value="3ps_usergroup_ranks_is_display_ug" class="Disabler" id="ucrit_3ps_usergroup_ranks_is_display_ug" {xen:checked $userCriteria.3ps_usergroup_ranks_is_display_ug} />
			{xen:phrase 3ps_usergroup_ranks_is_display_ug_explain}:</label>
			<div class="criteriaQualifier" id="ucrit_3ps_usergroup_ranks_is_display_ug_Disabler">
				<xen:select name="rank_user_criteria[3ps_usergroup_ranks_is_display_ug][data][user_group_ids]" size="4" multiple="true">
					<xen:foreach loop="$userCriteriaData.userGroups" value="$_criteriaUg">
						<xen:option value="{$_criteriaUg.user_group_id}" selected="{$userCriteria.3ps_usergroup_ranks_is_display_ug.user_group_ids} AND in_array({$_criteriaUg.user_group_id}, {$userCriteria.3ps_usergroup_ranks_is_display_ug.user_group_ids})">{$_criteriaUg.title}</xen:option>
					</xen:foreach>
				</xen:select> 
			</div>
		</li>
		<!-- slot: 3ps_usergroup_ranks_is_not_display_ug -->
		<li><label>
			<input type="checkbox" name="rank_user_criteria[3ps_usergroup_ranks_is_not_display_ug][rule]" value="3ps_usergroup_ranks_is_not_display_ug" class="Disabler" id="ucrit_3ps_usergroup_ranks_is_not_display_ug" {xen:checked $userCriteria.3ps_usergroup_ranks_is_not_display_ug} />
			{xen:phrase 3ps_usergroup_ranks_is_not_display_ug_explain}:</label>
			<div class="criteriaQualifier" id="ucrit_3ps_usergroup_ranks_is_not_display_ug_Disabler">
				<xen:select name="rank_user_criteria[3ps_usergroup_ranks_is_not_display_ug][data][user_group_ids]" size="4" multiple="true">
					<xen:foreach loop="$userCriteriaData.userGroups" value="$_criteriaUg">
						<xen:option value="{$_criteriaUg.user_group_id}" selected="{$userCriteria.3ps_usergroup_ranks_is_not_display_ug.user_group_ids} AND in_array({$_criteriaUg.user_group_id}, {$userCriteria.3ps_usergroup_ranks_is_not_display_ug.user_group_ids})">{$_criteriaUg.title}</xen:option>
					</xen:foreach>
				</xen:select> 
			</div>
		</li>
		<!-- slot: 3ps_usergroup_ranks_is_in_secondary_ug_any -->
		<li><label>
			<input type="checkbox" name="rank_user_criteria[3ps_usergroup_ranks_is_in_secondary_ug_any][rule]" value="3ps_usergroup_ranks_is_in_secondary_ug_any" class="Disabler" id="ucrit_3ps_usergroup_ranks_is_in_secondary_ug_any" {xen:checked $userCriteria.3ps_usergroup_ranks_is_in_secondary_ug_any} />
			{xen:phrase 3ps_usergroup_ranks_is_in_secondary_ug_any_explain}:</label>
			<div class="criteriaQualifier" id="ucrit_3ps_usergroup_ranks_is_in_secondary_ug_any_Disabler">
				<xen:select name="rank_user_criteria[3ps_usergroup_ranks_is_in_secondary_ug_any][data][user_group_ids]" size="4" multiple="true">
					<xen:foreach loop="$userCriteriaData.userGroups" value="$_criteriaUg">
						<xen:option value="{$_criteriaUg.user_group_id}" selected="{$userCriteria.3ps_usergroup_ranks_is_in_secondary_ug_any.user_group_ids} AND in_array({$_criteriaUg.user_group_id}, {$userCriteria.3ps_usergroup_ranks_is_in_secondary_ug_any.user_group_ids})">{$_criteriaUg.title}</xen:option>
					</xen:foreach>
				</xen:select> 
			</div>
		</li>
		<!-- slot: 3ps_usergroup_ranks_is_not_in_secondary_ug_any -->
		<li><label>
			<input type="checkbox" name="rank_user_criteria[3ps_usergroup_ranks_is_not_in_secondary_ug_any][rule]" value="3ps_usergroup_ranks_is_not_in_secondary_ug_any" class="Disabler" id="ucrit_3ps_usergroup_ranks_is_not_in_secondary_ug_any" {xen:checked $userCriteria.3ps_usergroup_ranks_is_not_in_secondary_ug_any} />
			{xen:phrase 3ps_usergroup_ranks_is_not_in_secondary_ug_any_explain}:</label>
			<div class="criteriaQualifier" id="ucrit_3ps_usergroup_ranks_is_not_in_secondary_ug_any_Disabler">
				<xen:select name="rank_user_criteria[3ps_usergroup_ranks_is_not_in_secondary_ug_any][data][user_group_ids]" size="4" multiple="true">
					<xen:foreach loop="$userCriteriaData.userGroups" value="$_criteriaUg">
						<xen:option value="{$_criteriaUg.user_group_id}" selected="{$userCriteria.3ps_usergroup_ranks_is_not_in_secondary_ug_any.user_group_ids} AND in_array({$_criteriaUg.user_group_id}, {$userCriteria.3ps_usergroup_ranks_is_not_in_secondary_ug_any.user_group_ids})">{$_criteriaUg.title}</xen:option>
					</xen:foreach>
				</xen:select> 
			</div>
		</li>
		<!-- slot: 3ps_usergroup_ranks_is_in_secondary_ug_all -->
		<li><label>
			<input type="checkbox" name="rank_user_criteria[3ps_usergroup_ranks_is_in_secondary_ug_all][rule]" value="3ps_usergroup_ranks_is_in_secondary_ug_all" class="Disabler" id="ucrit_3ps_usergroup_ranks_is_in_secondary_ug_all" {xen:checked $userCriteria.3ps_usergroup_ranks_is_in_secondary_ug_all} />
			{xen:phrase 3ps_usergroup_ranks_is_in_secondary_ug_all_explain}:</label>
			<div class="criteriaQualifier" id="ucrit_3ps_usergroup_ranks_is_in_secondary_ug_all_Disabler">
				<xen:select name="rank_user_criteria[3ps_usergroup_ranks_is_in_secondary_ug_all][data][user_group_ids]" size="4" multiple="true">
					<xen:foreach loop="$userCriteriaData.userGroups" value="$_criteriaUg">
						<xen:option value="{$_criteriaUg.user_group_id}" selected="{$userCriteria.3ps_usergroup_ranks_is_in_secondary_ug_all.user_group_ids} AND in_array({$_criteriaUg.user_group_id}, {$userCriteria.3ps_usergroup_ranks_is_in_secondary_ug_all.user_group_ids})">{$_criteriaUg.title}</xen:option>
					</xen:foreach>
				</xen:select> 
			</div>
		</li>
		<!-- slot: 3ps_usergroup_ranks_is_not_in_secondary_ug_all -->
		<li><label>
			<input type="checkbox" name="rank_user_criteria[3ps_usergroup_ranks_is_not_in_secondary_ug_all][rule]" value="3ps_usergroup_ranks_is_not_in_secondary_ug_all" class="Disabler" id="ucrit_3ps_usergroup_ranks_is_not_in_secondary_ug_all" {xen:checked $userCriteria.3ps_usergroup_ranks_is_not_in_secondary_ug_all} />
			{xen:phrase 3ps_usergroup_ranks_is_not_in_secondary_ug_all_explain}:</label>
			<div class="criteriaQualifier" id="ucrit_3ps_usergroup_ranks_is_not_in_secondary_ug_all_Disabler">
				<xen:select name="rank_user_criteria[3ps_usergroup_ranks_is_not_in_secondary_ug_all][data][user_group_ids]" size="4" multiple="true">
					<xen:foreach loop="$userCriteriaData.userGroups" value="$_criteriaUg">
						<xen:option value="{$_criteriaUg.user_group_id}" selected="{$userCriteria.3ps_usergroup_ranks_is_not_in_secondary_ug_all.user_group_ids} AND in_array({$_criteriaUg.user_group_id}, {$userCriteria.3ps_usergroup_ranks_is_not_in_secondary_ug_all.user_group_ids})">{$_criteriaUg.title}</xen:option>
					</xen:foreach>
				</xen:select> 
			</div>
		</li>
		<!-- slot: 3ps_usergroup_ranks_display_ug_is_primary_ug -->	
		<li><label>
			<input type="checkbox" name="rank_user_criteria[3ps_usergroup_ranks_display_ug_is_primary_ug][rule]" value="3ps_usergroup_ranks_display_ug_is_primary_ug" {xen:checked $userCriteria.3ps_usergroup_ranks_display_ug_is_primary_ug} />
			{xen:phrase 3ps_usergroup_ranks_display_ug_is_primary_ug_explain}
			</label></li>
			<!-- slot: 3ps_usergroup_ranks_display_ug_in_secondary_ugs -->	
			<li><label>
				<input type="checkbox" name="rank_user_criteria[3ps_usergroup_ranks_display_ug_in_secondary_ugs][rule]" value="3ps_usergroup_ranks_display_ug_in_secondary_ugs" {xen:checked $userCriteria.3ps_usergroup_ranks_display_ug_in_secondary_ugs} />
				{xen:phrase 3ps_usergroup_ranks_display_ug_in_secondary_ugs_explain}
				</label></li>
		</ul>
</xen:controlunit>

<fieldset>
	<xen:controlunit label="{xen:phrase display_styling_priority}:">
		<ul>
			<!-- slot: 3ps_usergroup_ranks_allugs_dsp_lower -->
			<li><label>
				<input type="checkbox" name="rank_user_criteria[3ps_usergroup_ranks_allugs_dsp_lower][rule]" value="3ps_usergroup_ranks_allugs_dsp_lower" class="Disabler" id="ucrit_3ps_usergroup_ranks_allugs_dsp_lower" {xen:checked $userCriteria.3ps_usergroup_ranks_allugs_dsp_lower} />
				{xen:phrase 3ps_usergroup_ranks_allugs_dsp_lower_explain}:</label>
				<div class="criteriaQualifier" id="ucrit_3ps_usergroup_ranks_allugs_dsp_lower_Disabler">
					<xen:spinbox name="rank_user_criteria[3ps_usergroup_ranks_allugs_dsp_lower][data][dsp]" value="{$userCriteria.3ps_usergroup_ranks_allugs_dsp_lower.dsp}" min="0" />
				</div>
			</li>
			<!-- slot: 3ps_usergroup_ranks_allugs_dsp_higher -->
			<li><label>
				<input type="checkbox" name="rank_user_criteria[3ps_usergroup_ranks_allugs_dsp_higher][rule]" value="3ps_usergroup_ranks_allugs_dsp_higher" class="Disabler" id="ucrit_3ps_usergroup_ranks_allugs_dsp_higher" {xen:checked $userCriteria.3ps_usergroup_ranks_allugs_dsp_higher} />
				{xen:phrase 3ps_usergroup_ranks_allugs_dsp_higher_explain}:</label>
				<div class="criteriaQualifier" id="ucrit_3ps_usergroup_ranks_allugs_dsp_higher_Disabler">
					<xen:spinbox name="rank_user_criteria[3ps_usergroup_ranks_allugs_dsp_higher][data][dsp]" value="{$userCriteria.3ps_usergroup_ranks_allugs_dsp_higher.dsp}" min="0" />
				</div>
			</li>
			<!-- slot: 3ps_usergroup_ranks_priug_dsp_lower -->
			<li><label>
				<input type="checkbox" name="rank_user_criteria[3ps_usergroup_ranks_priug_dsp_lower][rule]" value="3ps_usergroup_ranks_priug_dsp_lower" class="Disabler" id="ucrit_3ps_usergroup_ranks_priug_dsp_lower" {xen:checked $userCriteria.3ps_usergroup_ranks_priug_dsp_lower} />
				{xen:phrase 3ps_usergroup_ranks_priug_dsp_lower_explain}:</label>
				<div class="criteriaQualifier" id="ucrit_3ps_usergroup_ranks_priug_dsp_lower_Disabler">
					<xen:spinbox name="rank_user_criteria[3ps_usergroup_ranks_priug_dsp_lower][data][dsp]" value="{$userCriteria.3ps_usergroup_ranks_priug_dsp_lower.dsp}" min="0" />
				</div>
			</li>
			<!-- slot: 3ps_usergroup_ranks_priug_dsp_higher -->
			<li><label>
				<input type="checkbox" name="rank_user_criteria[3ps_usergroup_ranks_priug_dsp_higher][rule]" value="3ps_usergroup_ranks_priug_dsp_higher" class="Disabler" id="ucrit_3ps_usergroup_ranks_priug_dsp_higher" {xen:checked $userCriteria.3ps_usergroup_ranks_priug_dsp_higher} />
				{xen:phrase 3ps_usergroup_ranks_priug_dsp_higher_explain}:</label>
				<div class="criteriaQualifier" id="ucrit_3ps_usergroup_ranks_priug_dsp_higher_Disabler">
					<xen:spinbox name="rank_user_criteria[3ps_usergroup_ranks_priug_dsp_higher][data][dsp]" value="{$userCriteria.3ps_usergroup_ranks_priug_dsp_higher.dsp}" min="0" />
				</div>
			</li>
			<!-- slot: 3ps_usergroup_ranks_displayug_dsp_lower -->
			<li><label>
				<input type="checkbox" name="rank_user_criteria[3ps_usergroup_ranks_displayug_dsp_lower][rule]" value="3ps_usergroup_ranks_displayug_dsp_lower" class="Disabler" id="ucrit_3ps_usergroup_ranks_displayug_dsp_lower" {xen:checked $userCriteria.3ps_usergroup_ranks_displayug_dsp_lower} />
				{xen:phrase 3ps_usergroup_ranks_displayug_dsp_lower_explain}:</label>
				<div class="criteriaQualifier" id="ucrit_3ps_usergroup_ranks_displayug_dsp_lower_Disabler">
					<xen:spinbox name="rank_user_criteria[3ps_usergroup_ranks_displayug_dsp_lower][data][dsp]" value="{$userCriteria.3ps_usergroup_ranks_displayug_dsp_lower.dsp}" min="0" />
				</div>
			</li>
			<!-- slot: 3ps_usergroup_ranks_displayug_dsp_higher -->
			<li><label>
				<input type="checkbox" name="rank_user_criteria[3ps_usergroup_ranks_displayug_dsp_higher][rule]" value="3ps_usergroup_ranks_displayug_dsp_higher" class="Disabler" id="ucrit_3ps_usergroup_ranks_displayug_dsp_higher" {xen:checked $userCriteria.3ps_usergroup_ranks_displayug_dsp_higher} />
				{xen:phrase 3ps_usergroup_ranks_displayug_dsp_higher_explain}:</label>
				<div class="criteriaQualifier" id="ucrit_3ps_usergroup_ranks_priug_dsp_higher_Disabler">
					<xen:spinbox name="rank_user_criteria[3ps_usergroup_ranks_displayug_dsp_higher][data][dsp]" value="{$userCriteria.3ps_usergroup_ranks_displayug_dsp_higher.dsp}" min="0" />
				</div>
			</li>
			<!-- slot: 3ps_usergroup_ranks_secugs_dsp_lower_any -->
			<li><label>
				<input type="checkbox" name="rank_user_criteria[3ps_usergroup_ranks_secugs_dsp_lower_any][rule]" value="3ps_usergroup_ranks_secugs_dsp_lower_any" class="Disabler" id="ucrit_3ps_usergroup_ranks_secugs_dsp_lower_any" {xen:checked $userCriteria.3ps_usergroup_ranks_secugs_dsp_lower_any} />
				{xen:phrase 3ps_usergroup_ranks_secugs_dsp_lower_any_explain}:</label>
				<div class="criteriaQualifier" id="ucrit_3ps_usergroup_ranks_secugs_dsp_lower_any_Disabler">
					<xen:spinbox name="rank_user_criteria[3ps_usergroup_ranks_secugs_dsp_lower_any][data][dsp]" value="{$userCriteria.3ps_usergroup_ranks_secugs_dsp_lower_any.dsp}" min="0" />
				</div>
			</li>
			<!-- slot: 3ps_usergroup_ranks_secugs_dsp_higher_any -->
			<li><label>
				<input type="checkbox" name="rank_user_criteria[3ps_usergroup_ranks_secugs_dsp_higher_any][rule]" value="3ps_usergroup_ranks_secugs_dsp_higher_any" class="Disabler" id="ucrit_3ps_usergroup_ranks_secugs_dsp_higher_any" {xen:checked $userCriteria.3ps_usergroup_ranks_secugs_dsp_higher_any} />
				{xen:phrase 3ps_usergroup_ranks_secugs_dsp_higher_any_explain}:</label>
				<div class="criteriaQualifier" id="ucrit_3ps_usergroup_ranks_secugs_dsp_higher_any_Disabler">
					<xen:spinbox name="rank_user_criteria[3ps_usergroup_ranks_secugs_dsp_higher_any][data][dsp]" value="{$userCriteria.3ps_usergroup_ranks_secugs_dsp_higher_any.dsp}" min="0" />
				</div>
			</li>
			<!-- slot: 3ps_usergroup_ranks_secugs_dsp_lower_all -->
			<li><label>
				<input type="checkbox" name="rank_user_criteria[3ps_usergroup_ranks_secugs_dsp_lower_all][rule]" value="3ps_usergroup_ranks_secugs_dsp_lower_all" class="Disabler" id="ucrit_3ps_usergroup_ranks_secugs_dsp_lower_all" {xen:checked $userCriteria.3ps_usergroup_ranks_secugs_dsp_lower_all} />
				{xen:phrase 3ps_usergroup_ranks_secugs_dsp_lower_all_explain}:</label>
				<div class="criteriaQualifier" id="ucrit_3ps_usergroup_ranks_secugs_dsp_lower_all_Disabler">
					<xen:spinbox name="rank_user_criteria[3ps_usergroup_ranks_secugs_dsp_lower_all][data][dsp]" value="{$userCriteria.3ps_usergroup_ranks_secugs_dsp_lower_all.dsp}" min="0" />
				</div>
			</li>
			<!-- slot: 3ps_usergroup_ranks_secugs_dsp_higher_all -->
			<li><label>
				<input type="checkbox" name="rank_user_criteria[3ps_usergroup_ranks_secugs_dsp_higher_all][rule]" value="3ps_usergroup_ranks_secugs_dsp_higher_all" class="Disabler" id="ucrit_3ps_usergroup_ranks_secugs_dsp_higher_all" {xen:checked $userCriteria.3ps_usergroup_ranks_secugs_dsp_higher_all} />
				{xen:phrase 3ps_usergroup_ranks_secugs_dsp_higher_all_explain}:</label>
				<div class="criteriaQualifier" id="ucrit_3ps_usergroup_ranks_secugs_dsp_higher_all_Disabler">
					<xen:spinbox name="rank_user_criteria[3ps_usergroup_ranks_secugs_dsp_higher_all][data][dsp]" value="{$userCriteria.3ps_usergroup_ranks_secugs_dsp_higher_all.dsp}" min="0" />
				</div>
			</li>
		</ul>
	</xen:controlunit>
</fieldset>

<fieldset>
	<xen:controlunit label="{xen:phrase content_and_achievements}:">
		<ul>
			<li><label>
				<input type="checkbox" name="rank_user_criteria[messages_posted][rule]" value="messages_posted" class="Disabler" id="ucrit_messages_posted" {xen:checked $userCriteria.messages_posted} />
				{xen:phrase user_has_posted_at_least_x_messages}:</label>
				<div class="criteriaQualifier" id="ucrit_messages_posted_Disabler">
					<xen:spinbox name="rank_user_criteria[messages_posted][data][messages]" value="{$userCriteria.messages_posted.messages}" size="5" min="0" step="10" />
				</div>
			</li>
			<li><label>
				<input type="checkbox" name="rank_user_criteria[messages_maximum][rule]" value="messages_maximum" class="Disabler" id="ucrit_messages_maximum" {xen:checked $userCriteria.messages_maximum} />
				{xen:phrase user_has_posted_no_more_than_x_messages}:</label>
				<div class="criteriaQualifier" id="ucrit_messages_maximum_Disabler">
					<xen:spinbox name="rank_user_criteria[messages_maximum][data][messages]" value="{$userCriteria.messages_maximum.messages}" size="5" min="0" step="10" />
				</div>
			</li>
		</ul>
	</xen:controlunit>
</fieldset>]]></template>
  </admin_templates>
  <code_events/>
  <code_event_listeners>
    <listener event_id="criteria_user" execute_order="10" callback_class="ThreePointStudio_UsergroupRanks_Listener_Criteria" callback_method="criteriaUser" active="1" description="Display Style Priority Criterias"/>
    <listener event_id="init_dependencies" execute_order="10" callback_class="ThreePointStudio_UsergroupRanks_Listener_Init" callback_method="initDependencies" active="1" description="DSP Cache, extending cacheRebuilder"/>
    <listener event_id="load_class_datawriter" execute_order="10" callback_class="ThreePointStudio_UsergroupRanks_Listener_DataWriter" callback_method="loadClassDataWriter" active="1" description="Override usergroup DW"/>
    <listener event_id="load_class_importer" execute_order="10" callback_class="ThreePointStudio_UsergroupRanks_Listener_Importer" callback_method="loadClassImporter" active="1" description="Load importers"/>
    <listener event_id="template_create" execute_order="10" callback_class="ThreePointStudio_UsergroupRanks_Listener_Template" callback_method="templateCreate" active="1" description="Preload templates"/>
    <listener event_id="template_hook" execute_order="10" callback_class="ThreePointStudio_UsergroupRanks_Listener_Template" callback_method="templateHook" active="1" description="Makes postbit edits"/>
    <listener event_id="template_post_render" execute_order="10" callback_class="ThreePointStudio_UsergroupRanks_Listener_Template" callback_method="templatePostRender" active="1" description="Rebuild page addition"/>
  </code_event_listeners>
  <cron/>
  <email_templates/>
  <optiongroups>
    <group group_id="3ps_usergroup_ranks" display_order="1" debug_only="0"/>
    <option option_id="3ps_usergroup_ranks_caching_level" edit_format="radio" data_type="integer" can_backup="1">
      <default_value>2</default_value>
      <edit_format_params>0=No Caching (Slow!)
1=Level 1 Caching
2=Level 2 Caching</edit_format_params>
      <sub_options></sub_options>
      <relation group_id="3ps_usergroup_ranks" display_order="2"/>
    </option>
    <option option_id="3ps_usergroup_ranks_display_credit_notice" edit_format="onoff" data_type="boolean" can_backup="1">
      <default_value>1</default_value>
      <edit_format_params></edit_format_params>
      <sub_options></sub_options>
      <relation group_id="3ps_usergroup_ranks" display_order="10"/>
    </option>
    <option option_id="3ps_usergroup_ranks_display_style" edit_format="select" data_type="unsigned_integer" can_backup="1">
      <default_value>1</default_value>
      <edit_format_params>0=Over Avatar
1=Under Avatar
2=Above Username
3=Under UserTitle</edit_format_params>
      <sub_options></sub_options>
      <relation group_id="3ps_usergroup_ranks" display_order="2"/>
    </option>
    <option option_id="3ps_usergroup_ranks_system_active" edit_format="onoff" data_type="boolean" can_backup="1">
      <default_value>1</default_value>
      <edit_format_params></edit_format_params>
      <sub_options></sub_options>
      <relation group_id="3ps_usergroup_ranks" display_order="1"/>
    </option>
  </optiongroups>
  <permissions>
    <permission_groups/>
    <permissions/>
    <interface_groups/>
  </permissions>
  <phrases>
    <phrase title="3ps_usergroup_ranks_allugs_dsp_higher_explain" version_id="1" version_string="1.1.0"><![CDATA[<span class="underlineBold">All</span> of the user's user groups have a display style priority higher than]]></phrase>
    <phrase title="3ps_usergroup_ranks_allugs_dsp_lower_explain" version_id="1" version_string="1.1.0"><![CDATA[<span class="underlineBold">All</span> of the user's user groups have a display style priority lower than]]></phrase>
    <phrase title="3ps_usergroup_ranks_confirm_deletion_of_usergroup_rank" version_id="0" version_string="1.0.0"><![CDATA[Confirm Deletion of Usergroup Rank]]></phrase>
    <phrase title="3ps_usergroup_ranks_create_new_usergroup_rank" version_id="0" version_string="1.0.0"><![CDATA[Create New Usergroup Rank]]></phrase>
    <phrase title="3ps_usergroup_ranks_create_usergroup_rank" version_id="0" version_string="1.0.0"><![CDATA[Create Usergroup Rank]]></phrase>
    <phrase title="3ps_usergroup_ranks_credit_notice" version_id="1" version_string="1.1.0"><![CDATA[Usergroup Ranks powered by <a href="http://3pointstudio.com">3.studIo</a>. The forum owner is a good person!]]></phrase>
    <phrase title="3ps_usergroup_ranks_delete_rank_confirm" version_id="0" version_string="1.0.0"><![CDATA[Please confirm that you want to delete the following usergroup rank]]></phrase>
    <phrase title="3ps_usergroup_ranks_delete_usergroup_rank" version_id="0" version_string="1.0.0"><![CDATA[Delete Usergroup Rank]]></phrase>
    <phrase title="3ps_usergroup_ranks_displayug_dsp_higher_explain" version_id="1" version_string="1.1.0"><![CDATA[User's <span class="underlineBold">display</span> user group has a display style priority higher than]]></phrase>
    <phrase title="3ps_usergroup_ranks_displayug_dsp_lower_explain" version_id="1" version_string="1.1.0"><![CDATA[User's <span class="underlineBold">display</span> user group has a display style priority lower than]]></phrase>
    <phrase title="3ps_usergroup_ranks_display_ug_in_secondary_ugs_explain" version_id="1" version_string="1.1.0"><![CDATA[User's display user group is in the user's secondary usergroups]]></phrase>
    <phrase title="3ps_usergroup_ranks_display_ug_is_primary_ug_explain" version_id="1" version_string="1.1.0"><![CDATA[User's display user group is the user's primary usergroup]]></phrase>
    <phrase title="3ps_usergroup_ranks_display_usergroup_rank_if_user_or_usergroup" version_id="1" version_string="1.1.0"><![CDATA[Display Usergroup Rank if User or Usergroup...]]></phrase>
    <phrase title="3ps_usergroup_ranks_edit_usergroup_rank" version_id="0" version_string="1.0.0"><![CDATA[Edit Usergroup Rank]]></phrase>
    <phrase title="3ps_usergroup_ranks_is_display_ug_explain" version_id="1" version_string="1.1.0"><![CDATA[User's <span class="underlineBold">display</span> user group is in any of the selected user groups]]></phrase>
    <phrase title="3ps_usergroup_ranks_is_in_secondary_ug_all_explain" version_id="1" version_string="1.1.0"><![CDATA[<span class="underlineBold">All</span> of the user's <span class="underlineBold">secondary</span> user group are in any of the selected user groups]]></phrase>
    <phrase title="3ps_usergroup_ranks_is_in_secondary_ug_any_explain" version_id="1" version_string="1.1.0"><![CDATA[<span class="underlineBold">Any</span> of the user's <span class="underlineBold">secondary</span> user group are in any of the selected user groups]]></phrase>
    <phrase title="3ps_usergroup_ranks_is_not_display_ug_explain" version_id="1" version_string="1.1.0"><![CDATA[User's <span class="underlineBold">display</span> user group is NOT in any of the selected user groups]]></phrase>
    <phrase title="3ps_usergroup_ranks_is_not_in_secondary_ug_all_explain" version_id="1" version_string="1.1.0"><![CDATA[<span class="underlineBold">All</span> of the user's <span class="underlineBold">secondary</span> user group are NOT in any of the selected user groups]]></phrase>
    <phrase title="3ps_usergroup_ranks_is_not_in_secondary_ug_any_explain" version_id="1" version_string="1.1.0"><![CDATA[<span class="underlineBold">Any</span> of the user's <span class="underlineBold">secondary</span> user group are NOT in any of the selected user groups]]></phrase>
    <phrase title="3ps_usergroup_ranks_is_not_primary_ug_explain" version_id="1" version_string="1.1.0"><![CDATA[User's <span class="underlineBold">primary</span> user group is NOT in any of the selected user groups]]></phrase>
    <phrase title="3ps_usergroup_ranks_is_primary_ug_explain" version_id="1" version_string="1.1.0"><![CDATA[User's <span class="underlineBold">primary</span> user group is in any of the selected user groups]]></phrase>
    <phrase title="3ps_usergroup_ranks_no_criteria_warning" version_id="2" version_string="1.5.0"><![CDATA[If no criteria is specified, the usergroup rank will always be displayed, regardless of usergroup.]]></phrase>
    <phrase title="3ps_usergroup_ranks_priug_dsp_higher_explain" version_id="1" version_string="1.1.0"><![CDATA[User's <span class="underlineBold">primary</span> user group has a display style priority higher than]]></phrase>
    <phrase title="3ps_usergroup_ranks_priug_dsp_lower_explain" version_id="1" version_string="1.1.0"><![CDATA[User's <span class="underlineBold">primary</span> user group has a display style priority lower than]]></phrase>
    <phrase title="3ps_usergroup_ranks_rank_content" version_id="0" version_string="1.0.0"><![CDATA[Rank Content]]></phrase>
    <phrase title="3ps_usergroup_ranks_rank_display_condition" version_id="0" version_string="1.0.0"><![CDATA[Rank Display Condition]]></phrase>
    <phrase title="3ps_usergroup_ranks_rank_id" version_id="0" version_string="1.0.0"><![CDATA[Rank ID]]></phrase>
    <phrase title="3ps_usergroup_ranks_rank_is_active" version_id="0" version_string="1.0.0"><![CDATA[Rank is active]]></phrase>
    <phrase title="3ps_usergroup_ranks_rank_styling_class" version_id="1" version_string="1.1.0"><![CDATA[Rank Styling Class]]></phrase>
    <phrase title="3ps_usergroup_ranks_rank_styling_class_explain" version_id="1" version_string="1.1.0"><![CDATA[CSS Classes that will be applied to this usergroup rank. White space to separate.]]></phrase>
    <phrase title="3ps_usergroup_ranks_rank_type" version_id="0" version_string="1.0.0"><![CDATA[Rank Type]]></phrase>
    <phrase title="3ps_usergroup_ranks_rank_type_explain" version_id="0" version_string="1.0.0"><![CDATA[Image: An image for the rank. Wrapped with &lt;img&gt; tag.<br />
Text: Plain text. You may use HTML.]]></phrase>
    <phrase title="3ps_usergroup_ranks_rebuild_existing_entries_only" version_id="2" version_string="1.5.0"><![CDATA[Rebuild existing entries only]]></phrase>
    <phrase title="3ps_usergroup_ranks_rebuild_existing_entries_only_explain" version_id="2" version_string="1.5.0"><![CDATA[Select this option to rebuild existing cache entries only. Faster than rebuilding all entries, so only uncheck this box unless you really want to rebuild the user/rank association for all users.]]></phrase>
    <phrase title="3ps_usergroup_ranks_rebuild_user_rank_association" version_id="2" version_string="1.5.0"><![CDATA[Rebuild User-Usergroup Rank association]]></phrase>
    <phrase title="3ps_usergroup_ranks_requested_usergroup_rank_not_found" version_id="0" version_string="1.0.0"><![CDATA[The requested Usergroup Rank is not found.]]></phrase>
    <phrase title="3ps_usergroup_ranks_save_usergroup_rank" version_id="0" version_string="1.0.0"><![CDATA[Save Usergroup Rank]]></phrase>
    <phrase title="3ps_usergroup_ranks_secugs_dsp_higher_all_explain" version_id="1" version_string="1.1.0"><![CDATA[<span class="underlineBold">All</span> of the user's <span class="underlineBold">secondary</span> user groups have a display style priority higher than]]></phrase>
    <phrase title="3ps_usergroup_ranks_secugs_dsp_higher_any_explain" version_id="1" version_string="1.1.0"><![CDATA[<span class="underlineBold">Any</span> of the user's <span class="underlineBold">secondary</span> user groups have a display style priority higher than]]></phrase>
    <phrase title="3ps_usergroup_ranks_secugs_dsp_lower_all_explain" version_id="1" version_string="1.1.0"><![CDATA[<span class="underlineBold">All</span> of the user's <span class="underlineBold">secondary</span> user groups have a display style priority lower than]]></phrase>
    <phrase title="3ps_usergroup_ranks_secugs_dsp_lower_any_explain" version_id="1" version_string="1.1.0"><![CDATA[<span class="underlineBold">Any</span> of the user's <span class="underlineBold">secondary</span> user groups have a display style priority lower than]]></phrase>
    <phrase title="3ps_usergroup_ranks_usergroup_rank" version_id="1" version_string="1.1.0"><![CDATA[Usergroup Rank]]></phrase>
    <phrase title="3ps_usergroup_ranks_usergroup_ranks" version_id="1" version_string="1.1.0"><![CDATA[Usergroup Ranks]]></phrase>
    <phrase title="3ps_usergroup_ranks_usergroup_ranks_list" version_id="0" version_string="1.0.0"><![CDATA[Usergroup Ranks]]></phrase>
    <phrase title="admin_navigation_3ps_usergroupranks" version_id="0" version_string="1.0.0"><![CDATA[User Group Ranks]]></phrase>
    <phrase title="option_3ps_usergroup_ranks_caching_level" version_id="1" version_string="1.1.0"><![CDATA[Caching level]]></phrase>
    <phrase title="option_3ps_usergroup_ranks_caching_level_explain" version_id="1" version_string="1.1.0"><![CDATA[Select the caching level you would like to use for this addon. More aggressive caching will reduce queries needed and loading time, but will put more pressure on the system when you change a setting.<br /><br />
Level 1: Rank Definition and Display Style Priority caching (recommended for forums without caching mechanisms)<br />
Level 2: Level 1 plus user rank association caching (recommended for forums with caching mechanisms)<br />]]></phrase>
    <phrase title="option_3ps_usergroup_ranks_display_credit_notice" version_id="1" version_string="1.1.0"><![CDATA[Display credit notice in footer]]></phrase>
    <phrase title="option_3ps_usergroup_ranks_display_credit_notice_explain" version_id="1" version_string="1.1.0"><![CDATA[Whether to display an one-line credit notice on your forum's footer, under the standard XenForo copyright notice.<br />
Please support me by always keeping this box checked. This notice will not display the add-on version. It is fine if you uncheck this option off.<br /><br />
<span style="font-size:12px; color: #333; font-weight: bold;">This add-on is released under the BSD 2-Clause modified License.</span> While this option can be turned off, you may <span style="font-size:12px; color: #333; font-weight: bold;">NOT</span> remove the footer comment (invisible, separate from the credit notice) <span style="font-size:12px; color: #333; font-weight: bold;">UNDER ANY CIRCUMSTANCES</span> except with written permission. Not obeying this instruction will be considered as violation of the software license and legal action will be taken.]]></phrase>
    <phrase title="option_3ps_usergroup_ranks_display_style" version_id="0" version_string="1.0.0"><![CDATA[Display Style]]></phrase>
    <phrase title="option_3ps_usergroup_ranks_display_style_explain" version_id="0" version_string="1.0.0"><![CDATA[Select the place the ranks should be shown.]]></phrase>
    <phrase title="option_3ps_usergroup_ranks_system_active" version_id="1" version_string="1.1.0"><![CDATA[System is active]]></phrase>
    <phrase title="option_3ps_usergroup_ranks_system_active_explain" version_id="1" version_string="1.1.0"><![CDATA[Toggle this option to activate/deactivate Usergroup Ranks display.]]></phrase>
    <phrase title="option_group_3ps_usergroup_ranks" version_id="0" version_string="1.0.0"><![CDATA[[3.studIo] Usergroup Ranks Options]]></phrase>
    <phrase title="option_group_3ps_usergroup_ranks_description" version_id="0" version_string="1.0.0"><![CDATA[]]></phrase>
  </phrases>
  <route_prefixes>
    <route_type type="admin">
      <prefix original_prefix="3ps-usergroup-ranks" class="ThreePointStudio_UsergroupRanks_Route_PrefixAdmin_UsergroupRanks" build_link="data_only"/>
    </route_type>
  </route_prefixes>
  <style_properties/>
  <templates>
    <template title="3ps_usergroup_ranks.css" version_id="0" version_string=""><![CDATA[.userGroupRanks {
	list-style-type: none;
	text-align: center;
}

.posPadTop {
	border-top: 5px solid transparent;
}

.posPadBottom {
	border-bottom: 5px solid transparent;	
}]]></template>
    <template title="3ps_usergroup_ranks_displaybit" version_id="1" version_string="1.1.0"><![CDATA[<xen:require css="3ps_usergroup_ranks.css" />
<ul class="userGroupRanks posPad{$ugrList_posPad}">
	<xen:foreach loop="$userGroupRanks" value="$userGroupRank">
		<li {xen:if '{$userGroupRank.rank_styling_class}', 'class="{$userGroupRank.rank_styling_class}"', ''}>
			<xen:if is="{$userGroupRank.rank_type} === 0">
				<img src="{$userGroupRank.rank_content}" />
			<xen:else />
				{xen:raw $userGroupRank.rank_content}
			</xen:if>
		</li>
			{xen:raw $userGroupRank.content_render}
	</xen:foreach>
</ul>]]></template>
  </templates>
  <bb_code_media_sites/>
</addon>
